Modelos,NDCG,Novelty
DeepFM,0.96985,0.18407
FM,0.96922,0.17096
DNN,0.97064,0.18674
