Modelos,NDCG,Novelty
DeepFM,0.96886,0.16673
FM,0.96927,0.17579
DNN,0.97080,0.18598
